-- this script contains only 
-- Data ,, not database

USE [school]
GO
SET IDENTITY_INSERT [dbo].[Students] ON 
GO
INSERT [dbo].[Students] ([id], [lastName], [firstName], [dateOfBirth], [enrollmentDate]) VALUES (2, N'patil', N'heyhey', CAST(N'1996-06-19T00:00:00.000' AS DateTime), CAST(N'2019-02-02T00:00:00.000' AS DateTime))
GO
INSERT [dbo].[Students] ([id], [lastName], [firstName], [dateOfBirth], [enrollmentDate]) VALUES (3, N'patel', N'vijay', CAST(N'1999-02-05T00:00:00.000' AS DateTime), CAST(N'2019-02-02T00:00:00.000' AS DateTime))
GO
INSERT [dbo].[Students] ([id], [lastName], [firstName], [dateOfBirth], [enrollmentDate]) VALUES (4, N'jaiswal', N'parag', CAST(N'2000-12-18T00:00:00.000' AS DateTime), CAST(N'2019-02-02T00:00:00.000' AS DateTime))
GO
INSERT [dbo].[Students] ([id], [lastName], [firstName], [dateOfBirth], [enrollmentDate]) VALUES (5, N'sam', N'williams', CAST(N'2000-11-02T00:00:00.000' AS DateTime), CAST(N'2019-02-02T00:00:00.000' AS DateTime))
GO
INSERT [dbo].[Students] ([id], [lastName], [firstName], [dateOfBirth], [enrollmentDate]) VALUES (11, N'test2', N'student2', CAST(N'2000-11-02T00:00:00.000' AS DateTime), CAST(N'2019-02-02T00:00:00.000' AS DateTime))
GO
INSERT [dbo].[Students] ([id], [lastName], [firstName], [dateOfBirth], [enrollmentDate]) VALUES (14, N'test4', N'student4', CAST(N'1999-03-03T00:00:00.000' AS DateTime), NULL)
GO
INSERT [dbo].[Students] ([id], [lastName], [firstName], [dateOfBirth], [enrollmentDate]) VALUES (15, N'test5', N'student5', CAST(N'1994-07-02T00:00:00.000' AS DateTime), NULL)
GO
INSERT [dbo].[Students] ([id], [lastName], [firstName], [dateOfBirth], [enrollmentDate]) VALUES (16, N'test6', N'student6', CAST(N'1993-02-28T00:00:00.000' AS DateTime), NULL)
GO
INSERT [dbo].[Students] ([id], [lastName], [firstName], [dateOfBirth], [enrollmentDate]) VALUES (17, N'naik', N'Krish', CAST(N'2002-02-02T00:00:00.000' AS DateTime), CAST(N'2022-03-19T22:27:44.867' AS DateTime))
GO
INSERT [dbo].[Students] ([id], [lastName], [firstName], [dateOfBirth], [enrollmentDate]) VALUES (18, N'naik', N'Krish', CAST(N'2002-02-02T00:00:00.000' AS DateTime), CAST(N'2022-03-19T22:28:02.200' AS DateTime))
GO
INSERT [dbo].[Students] ([id], [lastName], [firstName], [dateOfBirth], [enrollmentDate]) VALUES (19, N'Abbhi', N'Thompson', CAST(N'2002-03-04T00:00:00.000' AS DateTime), CAST(N'2022-03-19T22:37:34.723' AS DateTime))
GO
INSERT [dbo].[Students] ([id], [lastName], [firstName], [dateOfBirth], [enrollmentDate]) VALUES (20, N'Abbhi', N'Thompson', CAST(N'2002-03-04T00:00:00.000' AS DateTime), CAST(N'2022-03-19T22:37:46.900' AS DateTime))
GO
INSERT [dbo].[Students] ([id], [lastName], [firstName], [dateOfBirth], [enrollmentDate]) VALUES (21, N'Keyr', N'Janny', CAST(N'2002-03-04T00:00:00.000' AS DateTime), CAST(N'2022-03-19T22:38:28.547' AS DateTime))
GO
INSERT [dbo].[Students] ([id], [lastName], [firstName], [dateOfBirth], [enrollmentDate]) VALUES (22, N'Keyr', N'Janny', CAST(N'2002-03-04T00:00:00.000' AS DateTime), CAST(N'2022-03-19T22:38:44.747' AS DateTime))
GO
INSERT [dbo].[Students] ([id], [lastName], [firstName], [dateOfBirth], [enrollmentDate]) VALUES (23, N'Keyr', N'Janny', CAST(N'2002-03-04T00:00:00.000' AS DateTime), CAST(N'2022-03-19T22:39:02.207' AS DateTime))
GO
INSERT [dbo].[Students] ([id], [lastName], [firstName], [dateOfBirth], [enrollmentDate]) VALUES (24, N'Keyr', N'Janny', CAST(N'2002-03-04T00:00:00.000' AS DateTime), CAST(N'2022-03-19T22:40:02.123' AS DateTime))
GO
INSERT [dbo].[Students] ([id], [lastName], [firstName], [dateOfBirth], [enrollmentDate]) VALUES (25, N'Keyr', N'Janny', CAST(N'2002-03-04T00:00:00.000' AS DateTime), CAST(N'2022-03-19T22:41:31.650' AS DateTime))
GO
INSERT [dbo].[Students] ([id], [lastName], [firstName], [dateOfBirth], [enrollmentDate]) VALUES (26, N'james', N'bond', CAST(N'1992-03-04T00:00:00.000' AS DateTime), CAST(N'2022-03-19T22:42:19.090' AS DateTime))
GO
INSERT [dbo].[Students] ([id], [lastName], [firstName], [dateOfBirth], [enrollmentDate]) VALUES (27, N'james', N'bond', CAST(N'1992-03-04T00:00:00.000' AS DateTime), CAST(N'2022-03-19T22:42:37.740' AS DateTime))
GO
INSERT [dbo].[Students] ([id], [lastName], [firstName], [dateOfBirth], [enrollmentDate]) VALUES (28, N'james', N'thomoa', CAST(N'1992-03-04T00:00:00.000' AS DateTime), CAST(N'2022-03-19T22:42:46.643' AS DateTime))
GO
INSERT [dbo].[Students] ([id], [lastName], [firstName], [dateOfBirth], [enrollmentDate]) VALUES (29, N'chandrama', N'pandit', CAST(N'2000-02-03T00:00:00.000' AS DateTime), CAST(N'2022-03-20T15:22:53.817' AS DateTime))
GO
INSERT [dbo].[Students] ([id], [lastName], [firstName], [dateOfBirth], [enrollmentDate]) VALUES (30, N'chandrama', N'pandit', CAST(N'2000-02-03T00:00:00.000' AS DateTime), CAST(N'2022-03-20T15:23:21.637' AS DateTime))
GO
INSERT [dbo].[Students] ([id], [lastName], [firstName], [dateOfBirth], [enrollmentDate]) VALUES (31, N'chandrama', N'pandit', CAST(N'2000-02-03T00:00:00.000' AS DateTime), CAST(N'2022-03-20T15:24:11.177' AS DateTime))
GO
INSERT [dbo].[Students] ([id], [lastName], [firstName], [dateOfBirth], [enrollmentDate]) VALUES (32, N'chandrama', N'pandit', CAST(N'2000-02-03T00:00:00.000' AS DateTime), CAST(N'2022-03-20T15:24:34.303' AS DateTime))
GO
SET IDENTITY_INSERT [dbo].[Students] OFF
GO
SET IDENTITY_INSERT [dbo].[Courses] ON 
GO
INSERT [dbo].[Courses] ([CourseID], [Title], [NoOfCredits], [CourseCode]) VALUES (1, N'HTML', 5, N'CS100')
GO
INSERT [dbo].[Courses] ([CourseID], [Title], [NoOfCredits], [CourseCode]) VALUES (3, N'SQL', 3, N'CS101')
GO
INSERT [dbo].[Courses] ([CourseID], [Title], [NoOfCredits], [CourseCode]) VALUES (4, N'PHP', 4, N'CS102')
GO
INSERT [dbo].[Courses] ([CourseID], [Title], [NoOfCredits], [CourseCode]) VALUES (5, N'JAVA', 2, N'CS103')
GO
INSERT [dbo].[Courses] ([CourseID], [Title], [NoOfCredits], [CourseCode]) VALUES (6, N'.NET', 4, N'CS104')
GO
SET IDENTITY_INSERT [dbo].[Courses] OFF
GO
SET IDENTITY_INSERT [dbo].[Teacher] ON 
GO
INSERT [dbo].[Teacher] ([Id], [FirstName], [Lastname], [DateJoined]) VALUES (1, N'Sudhir ', N'Chavan', CAST(N'2019-02-04' AS Date))
GO
INSERT [dbo].[Teacher] ([Id], [FirstName], [Lastname], [DateJoined]) VALUES (2, N'Gulab', N'Patl', CAST(N'2019-02-04' AS Date))
GO
INSERT [dbo].[Teacher] ([Id], [FirstName], [Lastname], [DateJoined]) VALUES (3, N'Sonu', N'Desale', CAST(N'2019-02-04' AS Date))
GO
INSERT [dbo].[Teacher] ([Id], [FirstName], [Lastname], [DateJoined]) VALUES (4, N'Jay', N'Bhadane', CAST(N'2019-02-04' AS Date))
GO
INSERT [dbo].[Teacher] ([Id], [FirstName], [Lastname], [DateJoined]) VALUES (5, N'Dagdu', N'Patil', CAST(N'2018-03-07' AS Date))
GO
INSERT [dbo].[Teacher] ([Id], [FirstName], [Lastname], [DateJoined]) VALUES (6, N'Ashok', N'Kumbhar', CAST(N'2016-03-05' AS Date))
GO
INSERT [dbo].[Teacher] ([Id], [FirstName], [Lastname], [DateJoined]) VALUES (7, N'Somnath', N'Yeole', CAST(N'2012-04-19' AS Date))
GO
INSERT [dbo].[Teacher] ([Id], [FirstName], [Lastname], [DateJoined]) VALUES (8, N'Ravindra', N'Khodke', CAST(N'2012-04-19' AS Date))
GO
INSERT [dbo].[Teacher] ([Id], [FirstName], [Lastname], [DateJoined]) VALUES (9, N'Raendra', N'Metkar', CAST(N'2012-04-19' AS Date))
GO
SET IDENTITY_INSERT [dbo].[Teacher] OFF
GO
SET IDENTITY_INSERT [dbo].[Enrollments] ON 
GO
INSERT [dbo].[Enrollments] ([Id], [TeacherID], [StudentID], [CourseID], [Grade]) VALUES (1, 1, 2, 6, 100)
GO
INSERT [dbo].[Enrollments] ([Id], [TeacherID], [StudentID], [CourseID], [Grade]) VALUES (2, 1, 3, 5, 12)
GO
INSERT [dbo].[Enrollments] ([Id], [TeacherID], [StudentID], [CourseID], [Grade]) VALUES (5, 2, 2, 1, 34)
GO
INSERT [dbo].[Enrollments] ([Id], [TeacherID], [StudentID], [CourseID], [Grade]) VALUES (6, 4, 3, 3, 78.89)
GO
INSERT [dbo].[Enrollments] ([Id], [TeacherID], [StudentID], [CourseID], [Grade]) VALUES (11, NULL, 14, 1, 37.5)
GO
INSERT [dbo].[Enrollments] ([Id], [TeacherID], [StudentID], [CourseID], [Grade]) VALUES (12, NULL, 15, 4, NULL)
GO
INSERT [dbo].[Enrollments] ([Id], [TeacherID], [StudentID], [CourseID], [Grade]) VALUES (13, NULL, 16, 5, NULL)
GO
INSERT [dbo].[Enrollments] ([Id], [TeacherID], [StudentID], [CourseID], [Grade]) VALUES (15, 2, 29, 1, NULL)
GO
INSERT [dbo].[Enrollments] ([Id], [TeacherID], [StudentID], [CourseID], [Grade]) VALUES (16, 2, 30, 1, NULL)
GO
INSERT [dbo].[Enrollments] ([Id], [TeacherID], [StudentID], [CourseID], [Grade]) VALUES (17, 2, 31, 1, NULL)
GO
INSERT [dbo].[Enrollments] ([Id], [TeacherID], [StudentID], [CourseID], [Grade]) VALUES (18, 2, 32, 1, NULL)
GO
SET IDENTITY_INSERT [dbo].[Enrollments] OFF
GO
